Type,UserId,UserName,Time
manual,UNKNOWN,flyguy23ndm,2013-11-12T00:00:00Z
manual,UNKNOWN,Evan Runkle,2016-06-14T00:00:00Z
manual,UNKNOWN,Dave M_999,2018-02-10T00:00:00Z
manual,UNKNOWN,M.C,2021-01-05T00:00:00Z
manual,UNKNOWN,Cara McCarthy,2021-08-28T00:00:00Z
manual,UNKNOWN,Anna Maltbie,2021-09-14T00:00:00Z
manual,UNKNOWN,Daniel Sasu,2021-09-16T00:00:00Z
manual,UNKNOWN,K Wujciów,2021-09-16T00:00:00Z
manual,UNKNOWN,Bardent,2021-09-16T00:00:00Z
manual,UNKNOWN,nintenzo98,2021-09-17T00:00:00Z
manual,UNKNOWN,Koderon,2021-09-23T00:00:00Z
manual,UNKNOWN,Olivia,2021-09-23T00:00:00Z
manual,UNKNOWN,JaviCoder,2021-09-30T00:00:00Z
manual,UNKNOWN,202snake202,2021-10-01T00:00:00Z
manual,UNKNOWN,Scenter,2021-10-22T00:00:00Z
manual,UNKNOWN,fred vieth,2021-11-07T00:00:00Z
manual,UNKNOWN,Broken Glass Gaming,2021-11-07T00:00:00Z
manual,UNKNOWN,Matt T,2021-11-13T00:00:00Z
manual,UNKNOWN,Flakelolz,2021-11-21T00:00:00Z
manual,UNKNOWN,roger that,2021-11-23T00:00:00Z
manual,UNKNOWN,Sir MaxWell1999,2022-01-01T00:00:00Z
manual,UNKNOWN,Tolgay Hıçkıran,2022-01-02T00:00:00Z
manual,UNKNOWN,Graeme White,2022-01-04T00:00:00Z
manual,UNKNOWN,Edwar Puente,2022-01-19T00:00:00Z
manual,UNKNOWN,Gregory Lepers,2022-01-23T00:00:00Z
manual,UNKNOWN,Michael Cilona,2022-01-23T00:00:00Z
manual,UNKNOWN,Freadam Abebe,2022-01-23T00:00:00Z
manual,UNKNOWN,Tolga Arslan,2022-01-24T00:00:00Z
manual,UNKNOWN,Dreami Sover,2022-01-25T00:00:00Z
manual,UNKNOWN,Ville Autio,2022-01-28T00:00:00Z
manual,UNKNOWN,Vitaliy Kozhemyakin,2022-02-01T00:00:00Z
manual,UNKNOWN,Gwang-ho Sa,2022-02-01T00:00:00Z
manual,UNKNOWN,Carlos Sierra,2022-02-04T00:00:00Z
manual,UNKNOWN,Laust Kadziola,2022-02-06T00:00:00Z
manual,UNKNOWN,John Kennedy Peña,2022-02-07T00:00:00Z
manual,UNKNOWN,Pier Bonfè,2022-02-12T00:00:00Z
manual,UNKNOWN,jragonkiller98,2022-02-13T00:00:00Z
manual,UNKNOWN,The Watcher,2022-02-16T00:00:00Z
manual,UNKNOWN,Goblin,2022-02-16T00:00:00Z
manual,UNKNOWN,Nazmun Nahid,2022-02-17T00:00:00Z
manual,UNKNOWN,Noah Reardon,2022-02-21T00:00:00Z
manual,UNKNOWN,luiz Pismel,2022-02-26T00:00:00Z
manual,UNKNOWN,James Box,2022-02-26T00:00:00Z
manual,UNKNOWN,yuspacex,2022-02-27T00:00:00Z
manual,UNKNOWN,Michael Smith,2022-02-27T00:00:00Z
manual,UNKNOWN,Jake Baker,2022-02-28T00:00:00Z
manual,UNKNOWN,HazebertM,2022-02-28T00:00:00Z
manual,UNKNOWN,striker3368,2022-03-01T00:00:00Z
manual,UNKNOWN,arda genç,2022-03-02T00:00:00Z
manual,UNKNOWN,BirfTheSpider,2022-03-04T00:00:00Z
manual,UNKNOWN,W W,2022-03-05T00:00:00Z
manual,UNKNOWN,Vykx,2022-03-06T00:00:00Z
manual,UNKNOWN,Alberto Corzo,2022-03-08T00:00:00Z
manual,UNKNOWN,JamesXXXYZ,2022-03-12T00:00:00Z
manual,UNKNOWN,skillitronic,2022-03-15T00:00:00Z
manual,UNKNOWN,skittflash,2022-03-16T00:00:00Z
manual,UNKNOWN,Barış Taş,2022-03-16T00:00:00Z
manual,UNKNOWN,Hendra Harisman,2022-03-17T00:00:00Z
manual,UNKNOWN,aito 12,2022-03-17T00:00:00Z
manual,UNKNOWN,Jeremy,2022-03-18T00:00:00Z
manual,UNKNOWN,Bryan Wood,2022-03-21T00:00:00Z
manual,UNKNOWN,Florent,2022-03-22T00:00:00Z
manual,UNKNOWN,Jose Giron,2022-03-23T00:00:00Z
manual,UNKNOWN,Tommy Moua,2022-03-24T00:00:00Z
manual,UNKNOWN,Felipe Maia,2022-03-24T00:00:00Z
manual,UNKNOWN,MyName IsJeff,2022-03-26T00:00:00Z
manual,UNKNOWN,Aleksandr,2022-03-26T00:00:00Z
manual,UNKNOWN,Brandon Esqueda,2022-03-26T00:00:00Z
manual,UNKNOWN,Yohanes1,2022-03-30T00:00:00Z
manual,UNKNOWN,Emre Erol,2022-03-30T00:00:00Z
manual,UNKNOWN,Thinh Vuong Lai,2022-03-30T00:00:00Z
manual,UNKNOWN,sto sowasvontheg,2022-03-31T00:00:00Z
manual,UNKNOWN,A toon,2022-04-03T00:00:00Z
manual,UNKNOWN,李泓桥,2022-04-06T00:00:00Z
manual,UNKNOWN,Allenz,2022-04-07T00:00:00Z
manual,UNKNOWN,Tryste,2022-04-08T00:00:00Z
manual,UNKNOWN,Cesar Sanchez,2022-04-09T00:00:00Z
manual,UNKNOWN,eliot vr,2022-04-11T00:00:00Z
manual,UNKNOWN,bin jie Hu,2022-04-13T00:00:00Z
manual,UNKNOWN,Master Volod,2022-04-13T00:00:00Z
manual,UNKNOWN,Shon Macklin,2022-04-16T00:00:00Z
manual,UNKNOWN,Antonio Ceglia,2022-04-18T00:00:00Z
manual,UNKNOWN,Chris Diplock,2022-04-19T00:00:00Z
manual,UNKNOWN,alexgeorge10,2022-04-20T00:00:00Z
manual,UNKNOWN,techdave99,2022-04-21T00:00:00Z
manual,UNKNOWN,Hitesh Jain,2022-04-25T00:00:00Z
manual,UNKNOWN,大魔導幻想,2022-04-28T00:00:00Z
manual,UNKNOWN,Red,2022-04-28T00:00:00Z
manual,UNKNOWN,nanananaNopeman,2022-04-29T00:00:00Z
manual,UNKNOWN,Matthew Winston,2022-05-01T00:00:00Z
manual,UNKNOWN,Twistedry ⸜⁄,2022-05-03T00:00:00Z
manual,UNKNOWN,Yiğit Yıldız,2022-05-04T00:00:00Z
manual,UNKNOWN,Thomas Grové / dxSaigon / Séfu,2022-05-04T00:00:00Z
manual,UNKNOWN,Alex,2022-05-07T00:00:00Z
manual,UNKNOWN,Jadon Barnes,2022-05-09T00:00:00Z
manual,UNKNOWN,iiley Chen,2022-05-12T00:00:00Z
manual,UNKNOWN,m PAQ,2022-05-13T00:00:00Z
manual,UNKNOWN,João Nogueira,2022-05-15T00:00:00Z
manual,UNKNOWN,Mihael Vurusic,2022-05-16T00:00:00Z
manual,UNKNOWN,Juan Goncalves,2022-05-21T00:00:00Z
manual,UNKNOWN,Turbo Makes Games,2022-05-26T00:00:00Z
manual,UNKNOWN,Relativ9,2022-05-26T00:00:00Z
manual,UNKNOWN,ND 'NimbleBucket' Clark,2022-05-26T00:00:00Z
manual,UNKNOWN,Matthew,2022-05-26T00:00:00Z
manual,UNKNOWN,SteeleyMan,2022-05-26T00:00:00Z
manual,UNKNOWN,Renan Dembogurski,2022-05-26T00:00:00Z
manual,UNKNOWN,Arc Nay,2022-05-26T00:00:00Z
manual,UNKNOWN,Tholkappiyan K,2022-05-27T00:00:00Z
manual,UNKNOWN,Jeff Blankenship,2022-05-30T00:00:00Z
manual,UNKNOWN,chenyue wu,2022-05-31T00:00:00Z
manual,UNKNOWN,Bremstørk,2022-05-31T00:00:00Z
manual,UNKNOWN,Brick Man,2022-06-05T00:00:00Z
manual,UNKNOWN,Christine Castle,2022-06-05T00:00:00Z
manual,UNKNOWN,Jeff Ubeku,2022-06-08T00:00:00Z
manual,UNKNOWN,stefano carlo Celsi,2022-06-14T00:00:00Z
manual,UNKNOWN,Justin Credible,2022-06-15T00:00:00Z
manual,UNKNOWN,Mage Dream / UHE,2022-06-24T00:00:00Z
manual,UNKNOWN,DarkKnightGenesis,2022-07-03T00:00:00Z
manual,UNKNOWN,Rumpelstilskin Von Ruttenberg,2022-07-05T00:00:00Z
manual,UNKNOWN,iDmitryYakovlev,2022-07-09T00:00:00Z
manual,UNKNOWN,Athip Chonsawad,2022-07-10T00:00:00Z
manual,UNKNOWN,DVDAisHoyo,2022-07-13T00:00:00Z
manual,UNKNOWN,Steve Ekstrom,2022-07-15T00:00:00Z
manual,UNKNOWN,Guambo,2022-07-19T00:00:00Z
manual,UNKNOWN,Roman Ilyin,2022-07-21T00:00:00Z
manual,UNKNOWN,Julian Nepomuceno,2022-07-22T00:00:00Z
manual,UNKNOWN,Гена Черныщук,2022-07-24T00:00:00Z
manual,UNKNOWN,Alice2OLD,2022-07-31T00:00:00Z
manual,UNKNOWN,LostHamster,2022-08-01T00:00:00Z
manual,UNKNOWN,Xapa,2022-08-02T00:00:00Z
manual,UNKNOWN,Guilherme Mateus,2022-08-03T00:00:00Z
manual,UNKNOWN,Brandon Gago,2022-08-07T00:00:00Z
manual,UNKNOWN,Fygor League of Legends,2022-08-07T00:00:00Z
manual,UNKNOWN,Quenio Ferreira,2022-08-15T00:00:00Z
manual,UNKNOWN,AlexandreMTH,2022-08-15T00:00:00Z
manual,UNKNOWN,Pepper Fire,2022-08-16T00:00:00Z
manual,UNKNOWN,Constantine Tvalashvili,2022-08-17T00:00:00Z
manual,UNKNOWN,Rohit Nimbalkar,2022-08-22T00:00:00Z
manual,UNKNOWN,Ilnar Mirkhaev,2022-08-25T00:00:00Z
manual,UNKNOWN,@CPM_IPAM,2022-08-26T00:00:00Z
manual,UNKNOWN,Hassan ali,2022-09-01T00:00:00Z
manual,UNKNOWN,jose luis Rueda Fotógrafo,2022-09-02T00:00:00Z
manual,UNKNOWN,Stilianouly,2022-09-05T00:00:00Z
manual,UNKNOWN,Kervin Christianata,2022-09-05T00:00:00Z
manual,UNKNOWN,Hirano,2022-09-08T00:00:00Z
manual,UNKNOWN,Garry Clark,2022-09-10T00:00:00Z
manual,UNKNOWN,ahmet onur unlu,2022-09-17T00:00:00Z
manual,UNKNOWN,Arisu Majyo,2022-09-26T00:00:00Z
manual,UNKNOWN,Walter H,2022-09-28T00:00:00Z
manual,UNKNOWN,Erkan,2022-09-28T00:00:00Z
manual,UNKNOWN,Julián Padrón,2022-10-01T00:00:00Z
manual,UNKNOWN,Zou tuzhuren,2022-10-04T00:00:00Z
manual,UNKNOWN,Zfnx Remix,2022-10-05T00:00:00Z
manual,UNKNOWN,BartTheGamer,2022-10-07T00:00:00Z
manual,UNKNOWN,Kappa97,2022-10-09T00:00:00Z
manual,UNKNOWN,Ace 88,2022-10-10T00:00:00Z
manual,UNKNOWN,jerstah,2022-10-10T00:00:00Z
manual,UNKNOWN,golf MTA,2022-10-11T00:00:00Z
manual,UNKNOWN,AS Expert,2022-10-22T00:00:00Z
manual,UNKNOWN,bit mammoth,2022-10-22T00:00:00Z
manual,UNKNOWN,Anish Sebastian,2022-11-08T00:00:00Z
manual,UNKNOWN,Rahul Manthena,2022-11-21T00:00:00Z
manual,UNKNOWN,Pierre BONED,2022-11-29T00:00:00Z
manual,UNKNOWN,TwiiK,2022-12-03T00:00:00Z
manual,UNKNOWN,Wlodek,2022-12-04T00:00:00Z
manual,UNKNOWN,Marcus Kendricks,2022-12-05T00:00:00Z
manual,UNKNOWN,Gabe TheSage,2022-12-09T00:00:00Z
manual,UNKNOWN,dawidmx,2022-12-19T00:00:00Z
manual,UNKNOWN,ManGamer,2022-12-25T00:00:00Z
manual,UNKNOWN,BreakingUFO,2022-12-28T00:00:00Z
manual,UNKNOWN,Cole Azevedo,2023-01-03T00:00:00Z
manual,UNKNOWN,FourCommas,2023-01-03T00:00:00Z
manual,UNKNOWN,Matias Kragh,2023-01-04T00:00:00Z
manual,UNKNOWN,Procedural Art',2023-01-04T00:00:00Z
manual,UNKNOWN,P. Verburg,2023-01-04T00:00:00Z
manual,UNKNOWN,Al Bundy,2023-01-04T00:00:00Z
manual,UNKNOWN,INeatFreak,2023-01-04T00:00:00Z
manual,UNKNOWN,Alex Madill,2023-01-04T00:00:00Z
manual,UNKNOWN,Danilo Devil,2023-01-04T00:00:00Z
manual,UNKNOWN,Keelan Bowker-O'Brien,2023-01-04T00:00:00Z
manual,UNKNOWN,Charlie Lindler,2023-01-04T00:00:00Z
manual,UNKNOWN,CrissCHG,2023-01-04T00:00:00Z
manual,UNKNOWN,Erison Veshi,2023-01-04T00:00:00Z
manual,UNKNOWN,Shelby Drabant,2023-01-04T00:00:00Z
manual,UNKNOWN,Chris,2023-01-04T00:00:00Z
manual,UNKNOWN,brian A,2023-01-04T00:00:00Z
manual,UNKNOWN,Fabian Huber,2023-01-04T00:00:00Z
manual,UNKNOWN,SledKnight,2023-01-05T00:00:00Z
manual,UNKNOWN,Mr Fox,2023-01-06T00:00:00Z
manual,UNKNOWN,Ben Sparks,2023-01-07T00:00:00Z
manual,UNKNOWN,terry la torre,2023-01-07T00:00:00Z
manual,UNKNOWN,HAROLD JORDAN,2023-01-08T00:00:00Z
manual,UNKNOWN,ScorpioServo,2023-01-10T00:00:00Z
manual,UNKNOWN,Baron,2023-01-11T00:00:00Z
manual,UNKNOWN,Rodney Sanders,2023-01-16T00:00:00Z
manual,UNKNOWN,Phillip Igyarto,2023-01-17T00:00:00Z
manual,UNKNOWN,George Manssour,2023-01-18T00:00:00Z
manual,UNKNOWN,Rani,2023-01-18T00:00:00Z
manual,UNKNOWN,Chleb,2023-01-18T00:00:00Z
manual,UNKNOWN,Marek Zeman,2023-01-19T00:00:00Z
manual,UNKNOWN,Lucas Abratti,2023-01-19T00:00:00Z
manual,UNKNOWN,Orchestrizer,2023-01-19T00:00:00Z
manual,UNKNOWN,William Frederick,2023-01-20T00:00:00Z
manual,UNKNOWN,IzFan Art,2023-01-26T00:00:00Z
manual,UNKNOWN,Bâtınî • Kelam-ı Mavzer,2023-01-27T00:00:00Z
manual,UNKNOWN,Dyeffson Dorsaint,2023-01-27T00:00:00Z
manual,UNKNOWN,Oliver L,2023-01-27T00:00:00Z
manual,UNKNOWN,Kaycee,2023-01-27T00:00:00Z
manual,UNKNOWN,Dima Chan,2023-01-27T00:00:00Z
manual,UNKNOWN,Sampa Bhar,2023-01-30T00:00:00Z
manual,UNKNOWN,Dhruv Chauhan,2023-01-30T00:00:00Z
manual,UNKNOWN,Project Adrift,2023-01-30T00:00:00Z
manual,UNKNOWN,Graham Mathews,2023-01-31T00:00:00Z
manual,UNKNOWN,Philipp Dietrich,2023-02-01T00:00:00Z
manual,UNKNOWN,Game Cambodia,2023-02-01T00:00:00Z
manual,UNKNOWN,Callaghan,2023-02-01T00:00:00Z
manual,UNKNOWN,Exescen,2023-02-02T00:00:00Z
manual,UNKNOWN,Nick Madsen,2023-02-02T00:00:00Z
manual,UNKNOWN,Frelenk 7400,2023-02-03T00:00:00Z
manual,UNKNOWN,MsomeleShow,2023-02-13T00:00:00Z
manual,UNKNOWN,Lukezje,2023-02-17T00:00:00Z
manual,UNKNOWN,Dragos Tudorache,2023-02-19T00:00:00Z
manual,UNKNOWN,CSaratakij,2023-02-19T00:00:00Z
manual,UNKNOWN,widachugo,2023-02-19T00:00:00Z
manual,UNKNOWN,shehaboftheyear,2023-02-19T00:00:00Z
manual,UNKNOWN,Xeteor Blaze,2023-02-23T00:00:00Z
manual,UNKNOWN,Ondřej Mottl,2023-02-23T00:00:00Z
manual,UNKNOWN,Awakened Raccoon,2023-02-23T00:00:00Z
manual,UNKNOWN,Zomlord,2023-02-23T00:00:00Z
manual,UNKNOWN,Salim Salmi,2023-02-24T00:00:00Z
manual,UNKNOWN,Netsrak333,2023-03-02T00:00:00Z
manual,UNKNOWN,Dominik Schenk,2023-03-05T00:00:00Z
manual,UNKNOWN,Master-,2023-03-05T00:00:00Z
manual,UNKNOWN,Revi M Fadli,2023-03-05T00:00:00Z
manual,UNKNOWN,呂偉綸,2023-03-05T00:00:00Z
manual,UNKNOWN,Serhiy Dmytriv,2023-03-06T00:00:00Z
manual,UNKNOWN,Richard Spann II,2023-03-06T00:00:00Z
manual,UNKNOWN,Head Coach,2023-03-06T00:00:00Z
manual,UNKNOWN,Waruna Nirmal,2023-03-08T00:00:00Z
manual,UNKNOWN,Muhammad Jamal,2023-03-11T00:00:00Z
manual,UNKNOWN,Tristan,2023-03-12T00:00:00Z
manual,UNKNOWN,HasanRakib,2023-03-12T00:00:00Z
manual,UNKNOWN,tyler smith,2023-03-12T00:00:00Z
manual,UNKNOWN,MegaGadgetdude,2023-03-13T00:00:00Z
manual,UNKNOWN,Asdark,2023-03-14T00:00:00Z
manual,UNKNOWN,MythicPhoenix,2023-03-15T00:00:00Z
manual,UNKNOWN,Diablokiller999,2023-03-16T00:00:00Z
manual,UNKNOWN,きゅ〜,2023-03-16T00:00:00Z
manual,UNKNOWN,Shubham Raj,2023-03-17T00:00:00Z
manual,UNKNOWN,Gary Oak,2023-03-17T00:00:00Z
manual,UNKNOWN,Artech,2023-03-18T00:00:00Z
manual,UNKNOWN,Xerror,2023-03-18T00:00:00Z
manual,UNKNOWN,SKennedY,2023-03-18T00:00:00Z
manual,UNKNOWN,weijun chen,2023-03-18T00:00:00Z
manual,UNKNOWN,Cody1712,2023-03-18T00:00:00Z
manual,UNKNOWN,Matheus Arivaldo,2023-03-19T00:00:00Z
manual,UNKNOWN,Michael Connell,2023-03-19T00:00:00Z
manual,UNKNOWN,Francisco Javier Arrarte,2023-03-21T00:00:00Z
manual,UNKNOWN,NEW_00_0NE,2023-03-21T00:00:00Z
manual,UNKNOWN,DanielGamer,2023-03-21T00:00:00Z
manual,UNKNOWN,The Faz,2023-03-22T00:00:00Z
manual,UNKNOWN,Lloyd,2023-03-26T00:00:00Z
manual,UNKNOWN,Rhys Newell,2023-03-26T00:00:00Z
manual,UNKNOWN,Nic Docker,2023-03-27T00:00:00Z
manual,UNKNOWN,Maksim Abramovich,2023-03-27T00:00:00Z
manual,UNKNOWN,Frank Spacy,2023-03-27T00:00:00Z
manual,UNKNOWN,Muhammad Sameer,2023-03-27T00:00:00Z
manual,UNKNOWN,Leandro Oliveira,2023-03-27T00:00:00Z
manual,UNKNOWN,Александр Богданов,2023-03-27T00:00:00Z
manual,UNKNOWN,Mr. Andrago,2023-03-27T00:00:00Z
manual,UNKNOWN,Marco,2023-03-27T00:00:00Z
manual,UNKNOWN,MakerFaffa,2023-03-27T00:00:00Z
manual,UNKNOWN,Hamza Brahmi,2023-03-27T00:00:00Z
manual,UNKNOWN,wjbvii,2023-03-27T00:00:00Z
manual,UNKNOWN,D kailo,2023-03-27T00:00:00Z
manual,UNKNOWN,Carlos Ramos,2023-03-27T00:00:00Z
manual,UNKNOWN,Qmansvendetta1,2023-03-27T00:00:00Z
manual,UNKNOWN,simping for ranni,2023-03-27T00:00:00Z
manual,UNKNOWN,Rekognist,2023-03-28T00:00:00Z
manual,UNKNOWN,Lynval Wynter,2023-03-28T00:00:00Z
manual,UNKNOWN,Delles Lim,2023-03-28T00:00:00Z
manual,UNKNOWN,Erros,2023-03-29T00:00:00Z
manual,UNKNOWN,Paxon57,2023-03-29T00:00:00Z
manual,UNKNOWN,klonoalunar,2023-03-29T00:00:00Z
manual,UNKNOWN,leo8493,2023-03-29T00:00:00Z
manual,UNKNOWN,Christian D.,2023-03-29T00:00:00Z
manual,UNKNOWN,Tyko Brising,2023-03-29T00:00:00Z
manual,UNKNOWN,Afonso Correia,2023-03-29T00:00:00Z
manual,UNKNOWN,Destructive Cure Productions,2023-03-29T00:00:00Z
manual,UNKNOWN,팬,2023-03-29T00:00:00Z
manual,UNKNOWN,Will Deschenes,2023-03-29T00:00:00Z
manual,UNKNOWN,Árion Cerceau,2023-03-30T00:00:00Z
manual,UNKNOWN,Akil Simmons,2023-03-30T00:00:00Z
manual,UNKNOWN,collin banks,2023-03-30T00:00:00Z
manual,UNKNOWN,bojidar velikov,2023-03-31T00:00:00Z
manual,UNKNOWN,LTMonster1,2023-03-31T00:00:00Z
manual,UNKNOWN,dsoft20,2023-04-01T00:00:00Z
manual,UNKNOWN,Triscuit H,2023-04-01T00:00:00Z
manual,UNKNOWN,Yuichiro Mukai,2023-04-03T00:00:00Z
manual,UNKNOWN,Leiss,2023-04-03T00:00:00Z
manual,UNKNOWN,TheBumbleCrag,2023-04-04T00:00:00Z
manual,UNKNOWN,Kotya Nyan,2023-04-05T00:00:00Z
manual,UNKNOWN,kEn_sct,2023-04-05T00:00:00Z
manual,UNKNOWN,César Alexandre,2023-04-05T00:00:00Z
manual,UNKNOWN,Его канал,2023-04-09T00:00:00Z
manual,UNKNOWN,VeryMADTomato,2023-04-13T00:00:00Z
manual,UNKNOWN,Feroz Md,2023-04-14T00:00:00Z
manual,UNKNOWN,Paduraru Mihai,2023-04-15T00:00:00Z
manual,UNKNOWN,Carlos Bonachea,2023-04-15T00:00:00Z
manual,UNKNOWN,Benedikte Ødegård,2023-04-16T00:00:00Z
manual,UNKNOWN,dragonite018,2023-04-16T00:00:00Z
manual,UNKNOWN,Alex Valdez,2023-04-16T00:00:00Z
manual,UNKNOWN,Maxime Blondeel,2023-04-16T00:00:00Z
manual,UNKNOWN,Andrew Dennis,2023-04-16T00:00:00Z
manual,UNKNOWN,Yz Grdyn,2023-04-16T00:00:00Z
manual,UNKNOWN,Angie R,2023-04-16T00:00:00Z
manual,UNKNOWN,Overwatch86,2023-04-16T00:00:00Z
manual,UNKNOWN,FT59012,2023-04-16T00:00:00Z
manual,UNKNOWN,Caio Valente,2023-04-16T00:00:00Z
manual,UNKNOWN,Linkira Studios,2023-04-16T00:00:00Z
manual,UNKNOWN,zhiwei wang,2023-04-16T00:00:00Z
manual,UNKNOWN,J97cp,2023-04-16T00:00:00Z
manual,UNKNOWN,H. M. Galois.,2023-04-17T00:00:00Z
manual,UNKNOWN,Melchiamjp,2023-04-17T00:00:00Z
manual,UNKNOWN,Ignacio Meléndez,2023-04-17T00:00:00Z
manual,UNKNOWN,Carlo Jerome Pablo,2023-04-17T00:00:00Z
manual,UNKNOWN,Richard Stu,2023-04-17T00:00:00Z
manual,UNKNOWN,PixelVibez,2023-04-17T00:00:00Z
manual,UNKNOWN,almusik,2023-04-17T00:00:00Z
manual,UNKNOWN,sew 160,2023-04-17T00:00:00Z
manual,UNKNOWN,elfloo,2023-04-17T00:00:00Z
manual,UNKNOWN,Chnucki Erdbeer,2023-04-17T00:00:00Z
manual,UNKNOWN,Rob Fox,2023-04-17T00:00:00Z
manual,UNKNOWN,John Andrew Bisquera,2023-04-17T00:00:00Z
manual,UNKNOWN,Not Very Original Name,2023-04-17T00:00:00Z
manual,UNKNOWN,General'tso,2023-04-17T00:00:00Z
manual,UNKNOWN,Robin Horneman,2023-04-17T00:00:00Z
manual,UNKNOWN,Zac Barton,2023-04-17T00:00:00Z
manual,UNKNOWN,Groglot,2023-04-17T00:00:00Z
manual,UNKNOWN,David WoksOn,2023-04-17T00:00:00Z
manual,UNKNOWN,Harry Jones,2023-04-17T00:00:00Z
manual,UNKNOWN,Ivan Balym,2023-04-17T00:00:00Z
manual,UNKNOWN,Sleepy Mushroom,2023-04-17T00:00:00Z
manual,UNKNOWN,Simon Greenberg,2023-04-17T00:00:00Z
manual,UNKNOWN,Phillip M,2023-04-17T00:00:00Z
manual,UNKNOWN,Acapered,2023-04-17T00:00:00Z
manual,UNKNOWN,saider,2023-04-17T00:00:00Z
manual,UNKNOWN,Tyrone Hatchett,2023-04-17T00:00:00Z
manual,UNKNOWN,Marcos Henrique Arruda da Silva Medeiros,2023-04-17T00:00:00Z
manual,UNKNOWN,SpiritedSeeker,2023-04-17T00:00:00Z
manual,UNKNOWN,Eviljellyfish/T!gR,2023-04-17T00:00:00Z
manual,UNKNOWN,Pilz Max,2023-04-18T00:00:00Z
manual,UNKNOWN,Logical Escape,2023-04-18T00:00:00Z
manual,UNKNOWN,Михайло Бровченко,2023-04-18T00:00:00Z
manual,UNKNOWN,Владимир Куликов,2023-04-18T00:00:00Z
manual,UNKNOWN,Zachary Wright,2023-04-18T00:00:00Z
manual,UNKNOWN,Dark Blade,2023-04-18T00:00:00Z
manual,UNKNOWN,joachimio,2023-04-18T00:00:00Z
manual,UNKNOWN,Raptor jisus,2023-04-18T00:00:00Z
manual,UNKNOWN,Murkrow the Bus,2023-04-18T00:00:00Z
manual,UNKNOWN,BlaQNYC Vids,2023-04-18T00:00:00Z
manual,UNKNOWN,Omer Saeed,2023-04-18T00:00:00Z
manual,UNKNOWN,malosv,2023-04-18T00:00:00Z
manual,UNKNOWN,Melker Claesson,2023-04-18T00:00:00Z
manual,UNKNOWN,JoshuaMeGusta,2023-04-18T00:00:00Z
manual,UNKNOWN,Jaynime_,2023-04-18T00:00:00Z
manual,UNKNOWN,Feels,2023-04-18T00:00:00Z
manual,UNKNOWN,Keyblade Okami 117,2023-04-18T00:00:00Z
manual,UNKNOWN,Cian Kiwi,2023-04-18T00:00:00Z
manual,UNKNOWN,Corrowtion,2023-04-18T00:00:00Z
manual,UNKNOWN,Gamesplaytoday,2023-04-18T00:00:00Z
manual,UNKNOWN,itsskylark,2023-04-18T00:00:00Z
manual,UNKNOWN,Ignawesome,2023-04-18T00:00:00Z
manual,UNKNOWN,Aaron Fisher,2023-04-18T00:00:00Z
manual,UNKNOWN,Francisco,2023-04-18T00:00:00Z
manual,UNKNOWN,gbplayer94,2023-04-18T00:00:00Z
manual,UNKNOWN,Victor Mustin,2023-04-18T00:00:00Z
manual,UNKNOWN,Sebastian Snow Miller,2023-04-18T00:00:00Z
manual,UNKNOWN,DontYouFcukMyBrain,2023-04-18T00:00:00Z
manual,UNKNOWN,ArkaTita,2023-04-18T00:00:00Z
manual,UNKNOWN,Cam,2023-04-18T00:00:00Z
manual,UNKNOWN,Dream Digital,2023-04-18T00:00:00Z
manual,UNKNOWN,BlAcky,2023-04-18T00:00:00Z
manual,UNKNOWN,Michael Fish,2023-04-18T00:00:00Z
manual,UNKNOWN,Kyle addy,2023-04-18T00:00:00Z
manual,UNKNOWN,Jonathon Wells,2023-04-18T00:00:00Z
manual,UNKNOWN,rpatto92,2023-04-18T00:00:00Z
manual,UNKNOWN,Austin Tecks,2023-04-18T00:00:00Z
manual,UNKNOWN,Lilly,2023-04-18T00:00:00Z
manual,UNKNOWN,Silicon Prairie,2023-04-18T00:00:00Z
manual,UNKNOWN,jesse lamarques,2023-04-18T00:00:00Z
manual,UNKNOWN,Yite 11,2023-04-18T00:00:00Z
manual,UNKNOWN,George Vieira,2023-04-18T00:00:00Z
manual,UNKNOWN,bunnytheblue,2023-04-18T00:00:00Z
manual,UNKNOWN,camelotorc2,2023-04-18T00:00:00Z
manual,UNKNOWN,ShengLi Law,2023-04-18T00:00:00Z
manual,UNKNOWN,Rilliden,2023-04-18T00:00:00Z
manual,UNKNOWN,Herodil,2023-04-18T00:00:00Z
manual,UNKNOWN,Vlad Novetschi,2023-04-18T00:00:00Z
manual,UNKNOWN,KiizzK,2023-04-18T00:00:00Z
manual,UNKNOWN,Bossa Nova,2023-04-18T00:00:00Z
manual,UNKNOWN,Mint25pop,2023-04-18T00:00:00Z
manual,UNKNOWN,Gabshows,2023-04-18T00:00:00Z
manual,UNKNOWN,Caveira Invocada,2023-04-18T00:00:00Z
manual,UNKNOWN,Radamanthys,2023-04-18T00:00:00Z
manual,UNKNOWN,WPharolin,2023-04-18T00:00:00Z
manual,UNKNOWN,Sinuhé Vélez,2023-04-18T00:00:00Z
manual,UNKNOWN,Ryu Ramasama,2023-04-18T00:00:00Z
manual,UNKNOWN,Thomas Long,2023-04-18T00:00:00Z
manual,UNKNOWN,The Art Of War,2023-04-18T00:00:00Z
manual,UNKNOWN,ValetudinarianVegetable,2023-04-18T00:00:00Z
manual,UNKNOWN,Z Strebler,2023-04-18T00:00:00Z
manual,UNKNOWN,Riser,2023-04-18T00:00:00Z
manual,UNKNOWN,lolzer9000,2023-04-18T00:00:00Z
manual,UNKNOWN,Tevuz,2023-04-18T00:00:00Z
manual,UNKNOWN,megu,2023-04-18T00:00:00Z
manual,UNKNOWN,8Shadow4,2023-04-18T00:00:00Z
manual,UNKNOWN,Fabian,2023-04-18T00:00:00Z
manual,UNKNOWN,Pentafistagon,2023-04-18T00:00:00Z
manual,UNKNOWN,danielbrucepalmer,2023-04-18T00:00:00Z
manual,UNKNOWN,Mo Zurasuta,2023-04-18T00:00:00Z
manual,UNKNOWN,Theo Heinrich,2023-04-18T00:00:00Z
manual,UNKNOWN,HunterMarioWorld,2023-04-18T00:00:00Z
manual,UNKNOWN,Hodge Podge,2023-04-18T00:00:00Z
manual,UNKNOWN,Spud Mackenzie,2023-04-18T00:00:00Z
manual,UNKNOWN,Knooper,2023-04-18T00:00:00Z
manual,UNKNOWN,Hajime Xen,2023-04-18T00:00:00Z
manual,UNKNOWN,STAR,2023-04-18T00:00:00Z
manual,UNKNOWN,skyeyemx,2023-04-18T00:00:00Z
manual,UNKNOWN,ujjawal Parajuli,2023-04-18T00:00:00Z
manual,UNKNOWN,rMakaha,2023-04-18T00:00:00Z
manual,UNKNOWN,Jaroslav Leitl,2023-04-18T00:00:00Z
manual,UNKNOWN,のしの,2023-04-18T00:00:00Z
manual,UNKNOWN,jellyjam14blas,2023-04-18T00:00:00Z
manual,UNKNOWN,Cooper Pell,2023-04-18T00:00:00Z
manual,UNKNOWN,Lance,2023-04-19T00:00:00Z
manual,UNKNOWN,David Ostenfeldt,2023-04-19T00:00:00Z
manual,UNKNOWN,Ali Özyalçın,2023-04-19T00:00:00Z
manual,UNKNOWN,RussT,2023-04-19T00:00:00Z
manual,UNKNOWN,Edwin Jr,2023-04-19T00:00:00Z
manual,UNKNOWN,Alperen Şimşek,2023-04-19T00:00:00Z
manual,UNKNOWN,hei bai ling,2023-04-19T00:00:00Z
manual,UNKNOWN,harhal,2023-04-19T00:00:00Z
manual,UNKNOWN,Pikku Dogo,2023-04-19T00:00:00Z
manual,UNKNOWN,Anze Powerwölfchen,2023-04-19T00:00:00Z
manual,UNKNOWN,pPeter Jay,2023-04-19T00:00:00Z
manual,UNKNOWN,Đào Hữu Hải,2023-04-19T00:00:00Z
manual,UNKNOWN,NEONGHOST,2023-04-19T00:00:00Z
manual,UNKNOWN,Albert Balbastre-Morte,2023-04-19T00:00:00Z
manual,UNKNOWN,Mikayla Grickis,2023-04-19T00:00:00Z
manual,UNKNOWN,Mukesh Kumar,2023-04-19T00:00:00Z
manual,UNKNOWN,Matteo Menta,2023-04-19T00:00:00Z
manual,UNKNOWN,Anirudh J Baliga,2023-04-19T00:00:00Z
manual,UNKNOWN,CraftBasti,2023-04-19T00:00:00Z
manual,UNKNOWN,OldDevBless,2023-04-19T00:00:00Z
manual,UNKNOWN,Ender Lowest,2023-04-19T00:00:00Z
manual,UNKNOWN,Lord Asshat,2023-04-19T00:00:00Z
manual,UNKNOWN,Scrip,2023-04-19T00:00:00Z
manual,UNKNOWN,Parmeshwar Rathod,2023-04-19T00:00:00Z
manual,UNKNOWN,Spadeykins,2023-04-19T00:00:00Z
manual,UNKNOWN,Gabriel Braz,2023-04-19T00:00:00Z
manual,UNKNOWN,Lex Marovsky,2023-04-19T00:00:00Z
manual,UNKNOWN,Auqaduct,2023-04-19T00:00:00Z
manual,UNKNOWN,Alin qwe,2023-04-19T00:00:00Z
manual,UNKNOWN,Hugo Dec,2023-04-19T00:00:00Z
manual,UNKNOWN,Alexandru Ciocian,2023-04-19T00:00:00Z
manual,UNKNOWN,Frank Buster Law,2023-04-19T00:00:00Z
manual,UNKNOWN,CifferClaw,2023-04-19T00:00:00Z
manual,UNKNOWN,Neer Wright,2023-04-19T00:00:00Z
manual,UNKNOWN,Eduardo Veloso,2023-04-19T00:00:00Z
manual,UNKNOWN,Matteo Prampolini,2023-04-19T00:00:00Z
manual,UNKNOWN,Brandon Furtwangler,2023-04-19T00:00:00Z
manual,UNKNOWN,Le Montea,2023-04-19T00:00:00Z
manual,UNKNOWN,quipen OIC,2023-04-19T00:00:00Z
manual,UNKNOWN,Pedro Amaral Couto,2023-04-19T00:00:00Z
manual,UNKNOWN,The Quäcking guy,2023-04-19T00:00:00Z
manual,UNKNOWN,Nezaros,2023-04-19T00:00:00Z
manual,UNKNOWN,DorkyPhil,2023-04-19T00:00:00Z
manual,UNKNOWN,Pefington,2023-04-19T00:00:00Z
manual,UNKNOWN,Philip Mason,2023-04-19T00:00:00Z
manual,UNKNOWN,Rafael Nunes,2023-04-19T00:00:00Z
manual,UNKNOWN,ericshealy885,2023-04-19T00:00:00Z
manual,UNKNOWN,CuT_Te,2023-04-19T00:00:00Z
manual,UNKNOWN,alex sokolov,2023-04-19T00:00:00Z
manual,UNKNOWN,woof,2023-04-19T00:00:00Z
manual,UNKNOWN,NovaPyxel,2023-04-19T00:00:00Z
manual,UNKNOWN,Skieeell,2023-04-19T00:00:00Z
manual,UNKNOWN,ReaLgressA,2023-04-19T00:00:00Z
manual,UNKNOWN,Againsttheflood,2023-04-19T00:00:00Z
manual,UNKNOWN,Santacrab,2023-04-19T00:00:00Z
manual,UNKNOWN,Глеб,2023-04-19T00:00:00Z
manual,UNKNOWN,Leo Marques,2023-04-19T00:00:00Z
manual,UNKNOWN,Mikhail,2023-04-19T00:00:00Z
manual,UNKNOWN,alaa abdeen,2023-04-19T00:00:00Z
manual,UNKNOWN,Exonfang,2023-04-19T00:00:00Z
manual,UNKNOWN,dsboy66,2023-04-19T00:00:00Z
manual,UNKNOWN,GubDM,2023-04-19T00:00:00Z
manual,UNKNOWN,Ota Sensei,2023-04-19T00:00:00Z
manual,UNKNOWN,SquidbringerEphie,2023-04-19T00:00:00Z
manual,UNKNOWN,jake,2023-04-19T00:00:00Z
manual,UNKNOWN,alexD_0,2023-04-19T00:00:00Z
manual,UNKNOWN,[CYXXYC],2023-04-19T00:00:00Z
manual,UNKNOWN,Mathew Puthiakunnel,2023-04-19T00:00:00Z
manual,UNKNOWN,Jaybriel Rosales,2023-04-19T00:00:00Z
manual,UNKNOWN,Mike Talbot,2023-04-19T00:00:00Z
manual,UNKNOWN,Conchobair,2023-04-19T00:00:00Z
manual,UNKNOWN,Danilo Berquo,2023-04-19T00:00:00Z
manual,UNKNOWN,Guilherme Ferrarezi Generale,2023-04-19T00:00:00Z
manual,UNKNOWN,Tyler Duncan,2023-04-19T00:00:00Z
manual,UNKNOWN,Jeday boi,2023-04-19T00:00:00Z
manual,UNKNOWN,Caio Loureiro,2023-04-19T00:00:00Z
manual,UNKNOWN,Selbtys Fdute,2023-04-19T00:00:00Z
manual,UNKNOWN,Sad Boy,2023-04-19T00:00:00Z
manual,UNKNOWN,Tiago Fernando,2023-04-19T00:00:00Z
manual,UNKNOWN,nwanngtriple8,2023-04-19T00:00:00Z
manual,UNKNOWN,Sjoer van der Ploeg,2023-04-19T00:00:00Z
manual,UNKNOWN,Googsson,2023-04-19T00:00:00Z
manual,UNKNOWN,Peter Verzijl,2023-04-19T00:00:00Z
manual,UNKNOWN,Rafael VilaVeras,2023-04-19T00:00:00Z
manual,UNKNOWN,MrForeverAlone,2023-04-19T00:00:00Z
manual,UNKNOWN,Petrol Head Motorsport,2023-04-19T00:00:00Z
manual,UNKNOWN,Manywoundz,2023-04-19T00:00:00Z
manual,UNKNOWN,KronoShark,2023-04-19T00:00:00Z
manual,UNKNOWN,Skarn Dev,2023-04-19T00:00:00Z
manual,UNKNOWN,Punk,2023-04-19T00:00:00Z
manual,UNKNOWN,James Murray,2023-04-19T00:00:00Z
manual,UNKNOWN,Atmosre,2023-04-19T00:00:00Z
manual,UNKNOWN,FreeZone,2023-04-19T00:00:00Z
manual,UNKNOWN,Sevder,2023-04-19T00:00:00Z
manual,UNKNOWN,mifares2a,2023-04-19T00:00:00Z
manual,UNKNOWN,alderin1,2023-04-19T00:00:00Z
manual,UNKNOWN,Hypfer,2023-04-19T00:00:00Z
manual,UNKNOWN,Nick_,2023-04-19T00:00:00Z
manual,UNKNOWN,Skellious,2023-04-19T00:00:00Z
manual,UNKNOWN,Baalrog,2023-04-19T00:00:00Z
manual,UNKNOWN,Léo Smith,2023-04-19T00:00:00Z
manual,UNKNOWN,Левченко Єгор,2023-04-19T00:00:00Z
manual,UNKNOWN,Some Dude Named Luke,2023-04-19T00:00:00Z
manual,UNKNOWN,Bunbaroness,2023-04-19T00:00:00Z
manual,UNKNOWN,Zeker1123 _Art,2023-04-19T00:00:00Z
manual,UNKNOWN,Roberto Garcia,2023-04-19T00:00:00Z
manual,UNKNOWN,Thin_King,2023-04-19T00:00:00Z
manual,UNKNOWN,Typical Dark,2023-04-19T00:00:00Z
manual,UNKNOWN,KingPotato3,2023-04-19T00:00:00Z
manual,UNKNOWN,Kunal Chandan,2023-04-19T00:00:00Z
manual,UNKNOWN,Thomas Nguyen,2023-04-19T00:00:00Z
manual,UNKNOWN,luis V.G.,2023-04-19T00:00:00Z
manual,UNKNOWN,mixternnik,2023-04-19T00:00:00Z
manual,UNKNOWN,pokeking135,2023-04-19T00:00:00Z
manual,UNKNOWN,Miguel Karakoram,2023-04-19T00:00:00Z
manual,UNKNOWN,BonsaiDen,2023-04-19T00:00:00Z
manual,UNKNOWN,OrdinalChip,2023-04-19T00:00:00Z
manual,UNKNOWN,Ashley,2023-04-19T00:00:00Z
manual,UNKNOWN,Adam Anderson,2023-04-19T00:00:00Z
manual,UNKNOWN,nofalloutsurvivor,2023-04-19T00:00:00Z
manual,UNKNOWN,Felipe Souza,2023-04-19T00:00:00Z
manual,UNKNOWN,Sgt Brutalisk,2023-04-19T00:00:00Z
manual,UNKNOWN,Reels on Wheels,2023-04-19T00:00:00Z
manual,UNKNOWN,teh1archon,2023-04-19T00:00:00Z
manual,UNKNOWN,Aidas Litvinas,2023-04-19T00:00:00Z
manual,UNKNOWN,Pipsqeakers,2023-04-19T00:00:00Z
manual,UNKNOWN,Marcos CB,2023-04-19T00:00:00Z
manual,UNKNOWN,Ykario,2023-04-19T00:00:00Z
manual,UNKNOWN,Ere,2023-04-19T00:00:00Z
manual,UNKNOWN,Tim Kramer,2023-04-19T00:00:00Z
manual,UNKNOWN,MarioAndWeegee3,2023-04-19T00:00:00Z
manual,UNKNOWN,Fabrice Foureur,2023-04-19T00:00:00Z
manual,UNKNOWN,HOLY HOTDOG TOASTER,2023-04-19T00:00:00Z
manual,UNKNOWN,A1rborne,2023-04-19T00:00:00Z
manual,UNKNOWN,﴾ Ƞꜷέɭ ﴿,2023-04-19T00:00:00Z
manual,UNKNOWN,Emolio,2023-04-19T00:00:00Z
manual,UNKNOWN,Peter Dunshee,2023-04-19T00:00:00Z
manual,UNKNOWN,Quezalcoalt,2023-04-19T00:00:00Z
manual,UNKNOWN,mehmet fatih Kavum,2023-04-19T00:00:00Z
manual,UNKNOWN,Pedro Casado Morcillo,2023-04-19T00:00:00Z
manual,UNKNOWN,Dávid Csillag,2023-04-19T00:00:00Z
manual,UNKNOWN,colio500,2023-04-19T00:00:00Z
manual,UNKNOWN,internetjanitor,2023-04-19T00:00:00Z
manual,UNKNOWN,Matthew Krehbiel,2023-04-19T00:00:00Z
manual,UNKNOWN,LoneyLowf,2023-04-19T00:00:00Z
manual,UNKNOWN,Gamrman420,2023-04-19T00:00:00Z
manual,UNKNOWN,Max Lovell,2023-04-19T00:00:00Z
manual,UNKNOWN,NarsandOrin Gaming,2023-04-19T00:00:00Z
manual,UNKNOWN,T B,2023-04-19T00:00:00Z
manual,UNKNOWN,Sajad Amiri,2023-04-19T00:00:00Z
manual,UNKNOWN,Simon Dew,2023-04-19T00:00:00Z
manual,UNKNOWN,smaginn1,2023-04-19T00:00:00Z
manual,UNKNOWN,Nicolas Brown,2023-04-19T00:00:00Z
manual,UNKNOWN,Otaku Doctor,2023-04-19T00:00:00Z
manual,UNKNOWN,Filippo Garofalo,2023-04-19T00:00:00Z
manual,UNKNOWN,Leonard Wilson,2023-04-19T00:00:00Z
manual,UNKNOWN,Trevor Kokk,2023-04-19T00:00:00Z
manual,UNKNOWN,LMENVS,2023-04-19T00:00:00Z
manual,UNKNOWN,emersonmx,2023-04-19T00:00:00Z
manual,UNKNOWN,Saimon Tavares,2023-04-19T00:00:00Z
manual,UNKNOWN,Celia Wagar,2023-04-19T00:00:00Z
manual,UNKNOWN,Shouji Kanenobu,2023-04-19T00:00:00Z
manual,UNKNOWN,yan lucas defron't,2023-04-19T00:00:00Z
manual,UNKNOWN,sathonay *,2023-04-19T00:00:00Z
manual,UNKNOWN,dolu,2023-04-19T00:00:00Z
manual,UNKNOWN,DuhItzKyr,2023-04-19T00:00:00Z
manual,UNKNOWN,Dima P,2023-04-19T00:00:00Z
manual,UNKNOWN,epic gamer,2023-04-19T00:00:00Z
manual,UNKNOWN,Varinx,2023-04-19T00:00:00Z
manual,UNKNOWN,SLAP1FACE,2023-04-19T00:00:00Z
manual,UNKNOWN,Mitchell Miles,2023-04-19T00:00:00Z
manual,UNKNOWN,João Gabriel,2023-04-19T00:00:00Z
manual,UNKNOWN,Tyler Beebe,2023-04-19T00:00:00Z
manual,UNKNOWN,Donut Stark,2023-04-19T00:00:00Z
manual,UNKNOWN,kir7449,2023-04-19T00:00:00Z
manual,UNKNOWN,Andre,2023-04-19T00:00:00Z
manual,UNKNOWN,MarioLuigi0404,2023-04-19T00:00:00Z
manual,UNKNOWN,schnedwob,2023-04-19T00:00:00Z
manual,UNKNOWN,Carlos Domingues,2023-04-19T00:00:00Z
manual,UNKNOWN,AlphaSword456,2023-04-19T00:00:00Z
manual,UNKNOWN,Manatee,2023-04-19T00:00:00Z
manual,UNKNOWN,Spycho,2023-04-19T00:00:00Z
manual,UNKNOWN,SonarBeserk,2023-04-19T00:00:00Z
manual,UNKNOWN,Floppy,2023-04-19T00:00:00Z
manual,UNKNOWN,Barney Mattox,2023-04-19T00:00:00Z
manual,UNKNOWN,Martin Ferreira,2023-04-19T00:00:00Z
manual,UNKNOWN,João Lucas Almeida Pereira,2023-04-19T00:00:00Z
manual,UNKNOWN,Grub,2023-04-19T00:00:00Z
manual,UNKNOWN,Little1Cave,2023-04-19T00:00:00Z
manual,UNKNOWN,TUKMAK,2023-04-19T00:00:00Z
manual,UNKNOWN,Benjamin Wood,2023-04-19T00:00:00Z
manual,UNKNOWN,mryz,2023-04-19T00:00:00Z
manual,UNKNOWN,chi hin ngan,2023-04-19T00:00:00Z
manual,UNKNOWN,Mario 1994,2023-04-19T00:00:00Z
manual,UNKNOWN,Kiave Rodriguez,2023-04-19T00:00:00Z
manual,UNKNOWN,Adventurer_Judo,2023-04-19T00:00:00Z
manual,UNKNOWN,Xander Stewart,2023-04-19T00:00:00Z
manual,UNKNOWN,Parker Reed,2023-04-19T00:00:00Z
manual,UNKNOWN,Beever Feever,2023-04-19T00:00:00Z
manual,UNKNOWN,FadeEthereal,2023-04-19T00:00:00Z
manual,UNKNOWN,Notmeitis,2023-04-19T00:00:00Z
manual,UNKNOWN,CptnZchry,2023-04-19T00:00:00Z
manual,UNKNOWN,VitorC,2023-04-19T00:00:00Z
manual,UNKNOWN,DrooZlex,2023-04-19T00:00:00Z
manual,UNKNOWN,spaghetti_dance,2023-04-19T00:00:00Z
manual,UNKNOWN,Colin P,2023-04-19T00:00:00Z
manual,UNKNOWN,Noc Nihil,2023-04-19T00:00:00Z
manual,UNKNOWN,Pedro Pasquini,2023-04-19T00:00:00Z
manual,UNKNOWN,Exist,2023-04-19T00:00:00Z
manual,UNKNOWN,Jonathan Lima,2023-04-19T00:00:00Z
manual,UNKNOWN,BizWuzzZuzz,2023-04-19T00:00:00Z
manual,UNKNOWN,Bhoomtawath Plinsut,2023-04-19T00:00:00Z
manual,UNKNOWN,Jared Kohrt,2023-04-19T00:00:00Z
manual,UNKNOWN,darktrooper2112,2023-04-19T00:00:00Z
manual,UNKNOWN,Cregg,2023-04-19T00:00:00Z
manual,UNKNOWN,FELIX LÆTVS,2023-04-19T00:00:00Z
manual,UNKNOWN,Owen Evans,2023-04-19T00:00:00Z
manual,UNKNOWN,João P Abramo,2023-04-19T00:00:00Z
manual,UNKNOWN,Anand Krish,2023-04-19T00:00:00Z
manual,UNKNOWN,MintyMan,2023-04-19T00:00:00Z
manual,UNKNOWN,Mitch Steffens,2023-04-19T00:00:00Z
manual,UNKNOWN,ThatGuy,2023-04-19T00:00:00Z
manual,UNKNOWN,Peter Higgs,2023-04-19T00:00:00Z
manual,UNKNOWN,Donald Kronos,2023-04-19T00:00:00Z
manual,UNKNOWN,Zach Greeley,2023-04-19T00:00:00Z
manual,UNKNOWN,Роман Лаврик,2023-04-19T00:00:00Z
manual,UNKNOWN,WooGee,2023-04-19T00:00:00Z
manual,UNKNOWN,killyou2just4fun,2023-04-19T00:00:00Z
manual,UNKNOWN,Tama,2023-04-19T00:00:00Z
manual,UNKNOWN,Nord Productions,2023-04-19T00:00:00Z
manual,UNKNOWN,Evan Broberg,2023-04-19T00:00:00Z
manual,UNKNOWN,BarneyPeng,2023-04-19T00:00:00Z
manual,UNKNOWN,Daometh,2023-04-19T00:00:00Z
manual,UNKNOWN,Wu Xavier,2023-04-19T00:00:00Z
manual,UNKNOWN,Spark32,2023-04-19T00:00:00Z
manual,UNKNOWN,Triple Standart,2023-04-19T00:00:00Z
manual,UNKNOWN,MrFlox888,2023-04-19T00:00:00Z
manual,UNKNOWN,Marin Vukasović,2023-04-19T00:00:00Z
manual,UNKNOWN,kaIistro,2023-04-19T00:00:00Z
manual,UNKNOWN,Tamás Csesznák,2023-04-19T00:00:00Z
manual,UNKNOWN,Amanda Baker,2023-04-19T00:00:00Z
manual,UNKNOWN,Deilson Peres,2023-04-20T00:00:00Z
manual,UNKNOWN,Thecrazygamer,2023-04-20T00:00:00Z
manual,UNKNOWN,Nucleomancer,2023-04-20T00:00:00Z
manual,UNKNOWN,Rocco Cheng,2023-04-20T00:00:00Z
manual,UNKNOWN,Normal Universe - Chris Guichet,2023-04-20T00:00:00Z
manual,UNKNOWN,Real2Reaper,2023-04-20T00:00:00Z
manual,UNKNOWN,PaperTree,2023-04-20T00:00:00Z
manual,UNKNOWN,Burak Kahraman,2023-04-20T00:00:00Z
manual,UNKNOWN,Quentin Riggi,2023-04-20T00:00:00Z
manual,UNKNOWN,AZUR3RUN,2023-04-20T00:00:00Z
manual,UNKNOWN,Adrian Daniel,2023-04-20T00:00:00Z
manual,UNKNOWN,Kinte 3d,2023-04-20T00:00:00Z
manual,UNKNOWN,Peter Liaptsis,2023-04-20T00:00:00Z
manual,UNKNOWN,Bartosz Piech,2023-04-20T00:00:00Z
manual,UNKNOWN,winglung wong,2023-04-20T00:00:00Z
manual,UNKNOWN,Faiz,2023-04-20T00:00:00Z
manual,UNKNOWN,Nanad,2023-04-20T00:00:00Z
manual,UNKNOWN,AJ,2023-04-20T00:00:00Z
manual,UNKNOWN,Senor Meowzors,2023-04-20T00:00:00Z
manual,UNKNOWN,Nicolás Gargano,2023-04-20T00:00:00Z
manual,UNKNOWN,TheBarryLight,2023-04-20T00:00:00Z
manual,UNKNOWN,sejbr,2023-04-20T00:00:00Z
manual,UNKNOWN,vtastek,2023-04-20T00:00:00Z
manual,UNKNOWN,Viktor Tsolov,2023-04-20T00:00:00Z
manual,UNKNOWN,Sky Grizzle,2023-04-20T00:00:00Z
manual,UNKNOWN,wesavis,2023-04-20T00:00:00Z
manual,UNKNOWN,Dr Aidennwitz,2023-04-20T00:00:00Z
manual,UNKNOWN,Потошоп Крутящий,2023-04-20T00:00:00Z
manual,UNKNOWN,atmatey,2023-04-20T00:00:00Z
manual,UNKNOWN,sebelulu,2023-04-20T00:00:00Z
manual,UNKNOWN,Roms Jr,2023-04-20T00:00:00Z
manual,UNKNOWN,Cristian Caragea,2023-04-20T00:00:00Z
manual,UNKNOWN,Jgotty777,2023-04-20T00:00:00Z
manual,UNKNOWN,Nik Erzetič,2023-04-20T00:00:00Z
manual,UNKNOWN,Matt McRae,2023-04-20T00:00:00Z
manual,UNKNOWN,Can Yılmaz,2023-04-20T00:00:00Z
manual,UNKNOWN,somsasha,2023-04-20T00:00:00Z
manual,UNKNOWN,float&7194,2023-04-20T00:00:00Z
manual,UNKNOWN,Michiel N.-V.,2023-04-20T00:00:00Z
manual,UNKNOWN,Manny,2023-04-20T00:00:00Z
manual,UNKNOWN,GreenGargoyle,2023-04-20T00:00:00Z
manual,UNKNOWN,Łukasz Czapczyński,2023-04-20T00:00:00Z
manual,UNKNOWN,TheCreator,2023-04-20T00:00:00Z
manual,UNKNOWN,VanBlood217,2023-04-20T00:00:00Z
manual,UNKNOWN,Jacenty,2023-04-20T00:00:00Z
manual,UNKNOWN,Saulius Vincevičius,2023-04-20T00:00:00Z
manual,UNKNOWN,Cedric T.,2023-04-20T00:00:00Z
manual,UNKNOWN,HorvathAlteisen,2023-04-20T00:00:00Z
manual,UNKNOWN,Maddi Fitzmaurice,2023-04-20T00:00:00Z
manual,UNKNOWN,Bxlied The 2nd,2023-04-20T00:00:00Z
manual,UNKNOWN,Bruno Torrão,2023-04-20T00:00:00Z
manual,UNKNOWN,VitalityMods,2023-04-20T00:00:00Z
manual,UNKNOWN,Tildeumlaut,2023-04-20T00:00:00Z
manual,UNKNOWN,Can Berk Çetin,2023-04-20T00:00:00Z
manual,UNKNOWN,Dmytro Stolynets,2023-04-20T00:00:00Z
manual,UNKNOWN,Minimeal,2023-04-20T00:00:00Z
manual,UNKNOWN,Tristan Castle,2023-04-20T00:00:00Z
manual,UNKNOWN,Kepler_Drew,2023-04-20T00:00:00Z
manual,UNKNOWN,Душнячий канал,2023-04-20T00:00:00Z
manual,UNKNOWN,Chai On Tse,2023-04-20T00:00:00Z
manual,UNKNOWN,Porta can man,2023-04-20T00:00:00Z
manual,UNKNOWN,Afeat Aff,2023-04-20T00:00:00Z
manual,UNKNOWN,Prasun Jajodia,2023-04-20T00:00:00Z
manual,UNKNOWN,Philbeaud,2023-04-20T00:00:00Z
manual,UNKNOWN,Dedicate.,2023-04-20T00:00:00Z
manual,UNKNOWN,Maverick Moore,2023-04-20T00:00:00Z
manual,UNKNOWN,Chewchewman,2023-04-20T00:00:00Z
manual,UNKNOWN,Mateusz Jasnowski,2023-04-20T00:00:00Z
manual,UNKNOWN,Sean Davey,2023-04-20T00:00:00Z
manual,UNKNOWN,Frally,2023-04-20T00:00:00Z
manual,UNKNOWN,Anthony Fennell,2023-04-20T00:00:00Z
manual,UNKNOWN,Muhamad Irwan Abdul Hamid,2023-04-20T00:00:00Z
manual,UNKNOWN,MMT-Games,2023-04-20T00:00:00Z
manual,UNKNOWN,Reza Mahmoudi,2023-04-20T00:00:00Z
manual,UNKNOWN,Aldatzailea Egitura Ch.,2023-04-20T00:00:00Z
manual,UNKNOWN,cupofdirtfordinner,2023-04-20T00:00:00Z
manual,UNKNOWN,גיא מיסוק,2023-04-20T00:00:00Z
manual,UNKNOWN,Jeremy West,2023-04-20T00:00:00Z
manual,UNKNOWN,By Bu,2023-04-20T00:00:00Z
manual,UNKNOWN,Lukas Oliver Leo,2023-04-20T00:00:00Z
manual,UNKNOWN,0.000 γοαζιν,2023-04-20T00:00:00Z
manual,UNKNOWN,chebap Guzi,2023-04-20T00:00:00Z
manual,UNKNOWN,Izakyn,2023-04-20T00:00:00Z
manual,UNKNOWN,Juan BassKaster,2023-04-20T00:00:00Z
manual,UNKNOWN,CoClock,2023-04-20T00:00:00Z
manual,UNKNOWN,Alireza Tabasi,2023-04-20T00:00:00Z
manual,UNKNOWN,bryanchan701,2023-04-20T00:00:00Z
manual,UNKNOWN,Pokabbie,2023-04-20T00:00:00Z
manual,UNKNOWN,kriNon,2023-04-20T00:00:00Z
manual,UNKNOWN,kaziel,2023-04-20T00:00:00Z
manual,UNKNOWN,How2VideoGames,2023-04-20T00:00:00Z
manual,UNKNOWN,Max López,2023-04-20T00:00:00Z
manual,UNKNOWN,clementinesm,2023-04-20T00:00:00Z
manual,UNKNOWN,Liudmila Fedorova,2023-04-20T00:00:00Z
manual,UNKNOWN,Ionut Lala,2023-04-20T00:00:00Z
manual,UNKNOWN,Melandrium,2023-04-20T00:00:00Z
manual,UNKNOWN,Ben Wager,2023-04-20T00:00:00Z
manual,UNKNOWN,Yuval Amir,2023-04-20T00:00:00Z
manual,UNKNOWN,Hell Riser,2023-04-20T00:00:00Z
manual,UNKNOWN,Jacy Teh,2023-04-20T00:00:00Z
manual,UNKNOWN,Vincent Lin,2023-04-20T00:00:00Z
manual,UNKNOWN,M-P C,2023-04-20T00:00:00Z
manual,UNKNOWN,Adrian Perez,2023-04-20T00:00:00Z
manual,UNKNOWN,meetz ghelko,2023-04-20T00:00:00Z
manual,UNKNOWN,Social Seymour,2023-04-20T00:00:00Z
manual,UNKNOWN,Jason Norton,2023-04-20T00:00:00Z
manual,UNKNOWN,Ethan Evans,2023-04-20T00:00:00Z
manual,UNKNOWN,MrGreen Tabasco,2023-04-20T00:00:00Z
manual,UNKNOWN,Chance,2023-04-20T00:00:00Z
manual,UNKNOWN,Bruise Karrlieull,2023-04-20T00:00:00Z
manual,UNKNOWN,sıмои аllısои,2023-04-20T00:00:00Z
manual,UNKNOWN,Meenners,2023-04-20T00:00:00Z
manual,UNKNOWN,Just Nobody,2023-04-20T00:00:00Z
manual,UNKNOWN,Massimo Pittau,2023-04-20T00:00:00Z
manual,UNKNOWN,Łukasz Semler,2023-04-20T00:00:00Z
manual,UNKNOWN,ADGD,2023-04-20T00:00:00Z
manual,UNKNOWN,LunaraSong,2023-04-20T00:00:00Z
manual,UNKNOWN,徹水,2023-04-20T00:00:00Z
manual,UNKNOWN,Leonardo Ochoa,2023-04-20T00:00:00Z
manual,UNKNOWN,Flopirencia Manga,2023-04-20T00:00:00Z
manual,UNKNOWN,yfycat,2023-04-20T00:00:00Z
manual,UNKNOWN,octave,2023-04-20T00:00:00Z
manual,UNKNOWN,Tomás Perelló,2023-04-20T00:00:00Z
manual,UNKNOWN,Erkan Aygun,2023-04-20T00:00:00Z
manual,UNKNOWN,m0nologger,2023-04-20T00:00:00Z
manual,UNKNOWN,Ange-Pierre AGOSTINI,2023-04-20T00:00:00Z
manual,UNKNOWN,Ethan Roberts,2023-04-20T00:00:00Z
manual,UNKNOWN,N,2023-04-20T00:00:00Z
manual,UNKNOWN,Lunar Descent,2023-04-20T00:00:00Z
manual,UNKNOWN,Артем Пименов,2023-04-20T00:00:00Z
manual,UNKNOWN,Jonas W.,2023-04-20T00:00:00Z
manual,UNKNOWN,Will Elsdale,2023-04-20T00:00:00Z
manual,UNKNOWN,Peter van Olmen,2023-04-20T00:00:00Z
manual,UNKNOWN,Drakeling,2023-04-20T00:00:00Z
manual,UNKNOWN,Fwei Silver,2023-04-20T00:00:00Z
manual,UNKNOWN,TerraBot,2023-04-20T00:00:00Z
manual,UNKNOWN,Cynth,2023-04-20T00:00:00Z
manual,UNKNOWN,steve francis sr,2023-04-20T00:00:00Z
manual,UNKNOWN,TheScorpion0081,2023-04-20T00:00:00Z
manual,UNKNOWN,Bored Nomad,2023-04-20T00:00:00Z
manual,UNKNOWN,MrTheDridge,2023-04-20T00:00:00Z
manual,UNKNOWN,Justin Damme,2023-04-20T00:00:00Z
manual,UNKNOWN,АѵеryJ̇amesParrish,2023-04-20T00:00:00Z
manual,UNKNOWN,B N,2023-04-20T00:00:00Z
manual,UNKNOWN,Felixander Kurenai,2023-04-20T00:00:00Z
manual,UNKNOWN,Cool Guy,2023-04-20T00:00:00Z
manual,UNKNOWN,Miotismon,2023-04-20T00:00:00Z
manual,UNKNOWN,BetaFruit,2023-04-20T00:00:00Z
manual,UNKNOWN,yDoublePrime,2023-04-20T00:00:00Z
manual,UNKNOWN,Jorel Perez,2023-04-20T00:00:00Z
manual,UNKNOWN,Rude Fatty,2023-04-20T00:00:00Z
manual,UNKNOWN,Kevin Howell,2023-04-20T00:00:00Z
manual,UNKNOWN,Hartkorcraft,2023-04-20T00:00:00Z
manual,UNKNOWN,ziggy 964,2023-04-20T00:00:00Z
manual,UNKNOWN,Kevin Roche,2023-04-20T00:00:00Z
manual,UNKNOWN,Rui Pedro,2023-04-20T00:00:00Z
manual,UNKNOWN,Stanislav Arnaudov,2023-04-20T00:00:00Z
manual,UNKNOWN,Jackson Linley,2023-04-20T00:00:00Z
manual,UNKNOWN,Joaco Bellene,2023-04-20T00:00:00Z
manual,UNKNOWN,A HappyFoxTail,2023-04-20T00:00:00Z
manual,UNKNOWN,Miguel Medina - Metinu,2023-04-20T00:00:00Z
manual,UNKNOWN,Troy Delvo,2023-04-20T00:00:00Z
manual,UNKNOWN,RedRanger 2409,2023-04-20T00:00:00Z
manual,UNKNOWN,Stein Gauslaa Strindhaug,2023-04-20T00:00:00Z
manual,UNKNOWN,JWall,2023-04-20T00:00:00Z
manual,UNKNOWN,Starcruiser81,2023-04-20T00:00:00Z
manual,UNKNOWN,Matheus Alex,2023-04-20T00:00:00Z
manual,UNKNOWN,BraveSteelDragon,2023-04-20T00:00:00Z
manual,UNKNOWN,dwmsanders,2023-04-20T00:00:00Z
manual,UNKNOWN,Keagan Duemmel,2023-04-20T00:00:00Z
manual,UNKNOWN,Giovanni Marcatto,2023-04-20T00:00:00Z
manual,UNKNOWN,J. Ariel A. Lamus,2023-04-20T00:00:00Z
manual,UNKNOWN,Ga2Z,2023-04-20T00:00:00Z
manual,UNKNOWN,James Lea-Smith,2023-04-20T00:00:00Z
manual,UNKNOWN,Runstia Le Pingouin,2023-04-20T00:00:00Z
manual,UNKNOWN,Bobblehead,2023-04-20T00:00:00Z
manual,UNKNOWN,Bato Hook,2023-04-20T00:00:00Z
manual,UNKNOWN,Vinicius Castro,2023-04-20T00:00:00Z
manual,UNKNOWN,Kiseki,2023-04-20T00:00:00Z
manual,UNKNOWN,HuH?,2023-04-20T00:00:00Z
manual,UNKNOWN,Luiz Moratelli,2023-04-20T00:00:00Z
manual,UNKNOWN,Viki Oberth,2023-04-20T00:00:00Z
manual,UNKNOWN,Starman x64,2023-04-20T00:00:00Z
manual,UNKNOWN,Gal Rosenman,2023-04-20T00:00:00Z
manual,UNKNOWN,Baki Hirose,2023-04-20T00:00:00Z
manual,UNKNOWN,Ramón R. Bastardo M.,2023-04-20T00:00:00Z
manual,UNKNOWN,KasD_Live,2023-04-20T00:00:00Z
manual,UNKNOWN,KrassensteinTV,2023-04-20T00:00:00Z
manual,UNKNOWN,Oscar Rubio,2023-04-20T00:00:00Z
manual,UNKNOWN,Marc Bryan,2023-04-20T00:00:00Z
manual,UNKNOWN,evilkoolade,2023-04-20T00:00:00Z
manual,UNKNOWN,Evan Von Duhn,2023-04-20T00:00:00Z
manual,UNKNOWN,guzman monne,2023-04-20T00:00:00Z
manual,UNKNOWN,v.neck,2023-04-20T00:00:00Z
manual,UNKNOWN,Beniir Sandrider,2023-04-20T00:00:00Z
manual,UNKNOWN,Scott Snowden,2023-04-20T00:00:00Z
manual,UNKNOWN,StreamWARE,2023-04-20T00:00:00Z
manual,UNKNOWN,smjagol,2023-04-20T00:00:00Z
manual,UNKNOWN,OrangeSherbitz,2023-04-20T00:00:00Z
manual,UNKNOWN,Plexor,2023-04-20T00:00:00Z
manual,UNKNOWN,nnoby _,2023-04-20T00:00:00Z
manual,UNKNOWN,Python Sharp,2023-04-20T00:00:00Z
manual,UNKNOWN,oierw,2023-04-20T00:00:00Z
manual,UNKNOWN,Zyhael,2023-04-20T00:00:00Z
manual,UNKNOWN,FHC Cardoso,2023-04-20T00:00:00Z
manual,UNKNOWN,Josh,2023-04-20T00:00:00Z
manual,UNKNOWN,Jordan Reid,2023-04-20T00:00:00Z
manual,UNKNOWN,KuraiKaze5,2023-04-20T00:00:00Z
manual,UNKNOWN,Cory Rider,2023-04-20T00:00:00Z
manual,UNKNOWN,Alex Lillie,2023-04-20T00:00:00Z
manual,UNKNOWN,mehmed emin ipek,2023-04-20T00:00:00Z
manual,UNKNOWN,TheMurzim,2023-04-20T00:00:00Z
manual,UNKNOWN,Ben McReynolds,2023-04-20T00:00:00Z
manual,UNKNOWN,micheal kris,2023-04-20T00:00:00Z
manual,UNKNOWN,Corey Duggan,2023-04-20T00:00:00Z
manual,UNKNOWN,error115,2023-04-20T00:00:00Z
manual,UNKNOWN,Lord of Pain Valak,2023-04-20T00:00:00Z
manual,UNKNOWN,Touch my Wind,2023-04-20T00:00:00Z
manual,UNKNOWN,LuisRebaixado,2023-04-20T00:00:00Z
manual,UNKNOWN,xneyzx,2023-04-20T00:00:00Z
manual,UNKNOWN,ausshot83,2023-04-20T00:00:00Z
manual,UNKNOWN,Jens Kufver,2023-04-20T00:00:00Z
manual,UNKNOWN,ArturTheFOE,2023-04-20T00:00:00Z
manual,UNKNOWN,Collin Enssle,2023-04-20T00:00:00Z
manual,UNKNOWN,DevBat,2023-04-20T00:00:00Z
manual,UNKNOWN,Aneekendu Nag,2023-04-20T00:00:00Z
manual,UNKNOWN,Brayden Jones,2023-04-20T00:00:00Z
manual,UNKNOWN,Wu Jie,2023-04-20T00:00:00Z
manual,UNKNOWN,Zorro,2023-04-20T00:00:00Z
manual,UNKNOWN,Coldlikehell,2023-04-20T00:00:00Z
manual,UNKNOWN,Amnot Spam,2023-04-21T00:00:00Z
manual,UNKNOWN,Kok Liang Tan,2023-04-21T00:00:00Z
manual,UNKNOWN,AsmodeuS,2023-04-21T00:00:00Z
manual,UNKNOWN,*insert_edgelord_name,2023-04-21T00:00:00Z
manual,UNKNOWN,118Mayo,2023-04-21T00:00:00Z
manual,UNKNOWN,Kris,2023-04-21T00:00:00Z
manual,UNKNOWN,Jordan Stocker,2023-04-21T00:00:00Z
manual,UNKNOWN,Gabriel H,2023-04-21T00:00:00Z
manual,UNKNOWN,Colin Michel,2023-04-21T00:00:00Z
manual,UNKNOWN,about Blank,2023-04-21T00:00:00Z
manual,UNKNOWN,Thee Bucket Man,2023-04-21T00:00:00Z
manual,UNKNOWN,thewaffle,2023-04-21T00:00:00Z
manual,UNKNOWN,Louise,2023-04-21T00:00:00Z
manual,UNKNOWN,mastermill79,2023-04-21T00:00:00Z
manual,UNKNOWN,Linh Z,2023-04-21T00:00:00Z
manual,UNKNOWN,segeus,2023-04-21T00:00:00Z
manual,UNKNOWN,Daniel Dweebler,2023-04-21T00:00:00Z
manual,UNKNOWN,Adrià Valls,2023-04-21T00:00:00Z
manual,UNKNOWN,Mortie,2023-04-21T00:00:00Z
manual,UNKNOWN,Gigih Sukoyo,2023-04-21T00:00:00Z
manual,UNKNOWN,Shalom Adepoju,2023-04-21T00:00:00Z
manual,UNKNOWN,Kevin Pho,2023-04-21T00:00:00Z
manual,UNKNOWN,Reynolds Kynaston,2023-04-21T00:00:00Z
manual,UNKNOWN,Chuck stevens,2023-04-21T00:00:00Z
manual,UNKNOWN,Илья Большаков,2023-04-21T00:00:00Z
manual,UNKNOWN,epmtunes,2023-04-21T00:00:00Z
manual,UNKNOWN,nlx,2023-04-21T00:00:00Z
manual,UNKNOWN,Anthropoid3,2023-04-21T00:00:00Z
manual,UNKNOWN,Rei雷,2023-04-21T00:00:00Z
manual,UNKNOWN,Lee Cash,2023-04-21T00:00:00Z
manual,UNKNOWN,ZozulZozula,2023-04-21T00:00:00Z
manual,UNKNOWN,JuanMiguelY400,2023-04-21T00:00:00Z
manual,UNKNOWN,PRINCEofSILENC3,2023-04-21T00:00:00Z
manual,UNKNOWN,陳宇,2023-04-21T00:00:00Z
manual,UNKNOWN,Bored_Banana,2023-04-21T00:00:00Z
manual,UNKNOWN,Mintdragon,2023-04-21T00:00:00Z
manual,UNKNOWN,angry_hanter,2023-04-21T00:00:00Z
manual,UNKNOWN,NaiveNumbat,2023-04-21T00:00:00Z
manual,UNKNOWN,WhoLeb,2023-04-21T00:00:00Z
manual,UNKNOWN,sans the dark mode skeleton,2023-04-21T00:00:00Z
manual,UNKNOWN,Okiku,2023-04-21T00:00:00Z
manual,UNKNOWN,Aragogis,2023-04-21T00:00:00Z
manual,UNKNOWN,UwU Powice,2023-04-21T00:00:00Z
manual,UNKNOWN,RMDragon3,2023-04-21T00:00:00Z
manual,UNKNOWN,Norton,2023-04-21T00:00:00Z
manual,UNKNOWN,TDG,2023-04-21T00:00:00Z
manual,UNKNOWN,ThatSavi,2023-04-21T00:00:00Z
manual,UNKNOWN,Kyle,2023-04-21T00:00:00Z
manual,UNKNOWN,Matt Dunn,2023-04-21T00:00:00Z
manual,UNKNOWN,Cally Parsons,2023-04-21T00:00:00Z
manual,UNKNOWN,Tawanda gamedevs,2023-04-21T00:00:00Z
manual,UNKNOWN,Xu Zhang,2023-04-21T00:00:00Z
manual,UNKNOWN,Maciej Kwas,2023-04-21T00:00:00Z
manual,UNKNOWN,Cederic Privat,2023-04-21T00:00:00Z
manual,UNKNOWN,KohiTheVirt,2023-04-21T00:00:00Z
manual,UNKNOWN,chromaticv1,2023-04-21T00:00:00Z
manual,UNKNOWN,Jon,2023-04-21T00:00:00Z
manual,UNKNOWN,VodRedB,2023-04-21T00:00:00Z
manual,UNKNOWN,Aviv Dror,2023-04-21T00:00:00Z
manual,UNKNOWN,SamWinks,2023-04-21T00:00:00Z
manual,UNKNOWN,tokumeiko 匿名子,2023-04-21T00:00:00Z
manual,UNKNOWN,Harb,2023-04-21T00:00:00Z
manual,UNKNOWN,Ashley ONeal,2023-04-21T00:00:00Z
manual,UNKNOWN,Jett Williams,2023-04-21T00:00:00Z
manual,UNKNOWN,Hannwes,2023-04-21T00:00:00Z
manual,UNKNOWN,cgauvreau,2023-04-21T00:00:00Z
manual,UNKNOWN,guigs44,2023-04-21T00:00:00Z
manual,UNKNOWN,daraspul,2023-04-21T00:00:00Z
manual,UNKNOWN,Andrei Cheche,2023-04-21T00:00:00Z
manual,UNKNOWN,The Classy Cake,2023-04-21T00:00:00Z
manual,UNKNOWN,Faustino Loeza Perez,2023-04-21T00:00:00Z
manual,UNKNOWN,Glitch Witch Nyx,2023-04-21T00:00:00Z
manual,UNKNOWN,Michael Maher,2023-04-21T00:00:00Z
manual,UNKNOWN,Artist Gamedev,2023-04-21T00:00:00Z
manual,UNKNOWN,Sheko,2023-04-21T00:00:00Z
manual,UNKNOWN,Jonathan Miller,2023-04-21T00:00:00Z
manual,UNKNOWN,Emily Klassen,2023-04-21T00:00:00Z
manual,UNKNOWN,Travis Fueller,2023-04-21T00:00:00Z
manual,UNKNOWN,Nick Firzen,2023-04-21T00:00:00Z
manual,UNKNOWN,TerraBlock4795,2023-04-21T00:00:00Z
manual,UNKNOWN,NedBark,2023-04-21T00:00:00Z
manual,UNKNOWN,Robbie Andrews,2023-04-21T00:00:00Z
manual,UNKNOWN,Craig Wilson,2023-04-21T00:00:00Z
manual,UNKNOWN,MrHommeCrabe,2023-04-21T00:00:00Z
manual,UNKNOWN,SquidBitt,2023-04-21T00:00:00Z
manual,UNKNOWN,roman briscoe,2023-04-21T00:00:00Z
manual,UNKNOWN,Declan Mohan,2023-04-21T00:00:00Z
manual,UNKNOWN,jorchrl1,2023-04-21T00:00:00Z
manual,UNKNOWN,YXVerse,2023-04-21T00:00:00Z
manual,UNKNOWN,Skyblueborb,2023-04-21T00:00:00Z
manual,UNKNOWN,TheForge47,2023-04-21T00:00:00Z
manual,UNKNOWN,Siavash Khodaie,2023-04-21T00:00:00Z
manual,UNKNOWN,eisv,2023-04-21T00:00:00Z
manual,UNKNOWN,pheer,2023-04-21T00:00:00Z
manual,UNKNOWN,StonedxDragon,2023-04-21T00:00:00Z
manual,UNKNOWN,Dmitry Raguzin,2023-04-21T00:00:00Z
manual,UNKNOWN,luipaardprint,2023-04-21T00:00:00Z
manual,UNKNOWN,高聖潔,2023-04-21T00:00:00Z
manual,UNKNOWN,Ernesto Lopez de Victoria,2023-04-21T00:00:00Z
manual,UNKNOWN,Truyen Phan,2023-04-21T00:00:00Z
manual,UNKNOWN,Maja Cota,2023-04-21T00:00:00Z
manual,UNKNOWN,Alexandre_Le_Kebab,2023-04-21T00:00:00Z
manual,UNKNOWN,Miguel Nunes,2023-04-21T00:00:00Z
manual,UNKNOWN,IrishBruse,2023-04-21T00:00:00Z
manual,UNKNOWN,Fireheart318,2023-04-21T00:00:00Z
manual,UNKNOWN,David Gonzalo,2023-04-21T00:00:00Z
manual,UNKNOWN,FanTZy,2023-04-21T00:00:00Z
manual,UNKNOWN,Heika,2023-04-21T00:00:00Z
manual,UNKNOWN,Ryuu Jawzahr,2023-04-21T00:00:00Z
manual,UNKNOWN,Raw Meoh,2023-04-21T00:00:00Z
manual,UNKNOWN,Mages,2023-04-21T00:00:00Z
manual,UNKNOWN,Tyler Johnston,2023-04-21T00:00:00Z
manual,UNKNOWN,Netnot,2023-04-21T00:00:00Z
manual,UNKNOWN,Ivan Ho,2023-04-21T00:00:00Z
manual,UNKNOWN,Ruum,2023-04-21T00:00:00Z
manual,UNKNOWN,Adrian Tiron,2023-04-21T00:00:00Z
manual,UNKNOWN,Jakob Dudley,2023-04-21T00:00:00Z
manual,UNKNOWN,Charles Clemmer,2023-04-21T00:00:00Z
manual,UNKNOWN,jacksandersonshrike,2023-04-21T00:00:00Z
manual,UNKNOWN,Untapped,2023-04-21T00:00:00Z
manual,UNKNOWN,John R,2023-04-21T00:00:00Z
manual,UNKNOWN,Prokyo R,2023-04-21T00:00:00Z
manual,UNKNOWN,Jamie Hyland,2023-04-21T00:00:00Z
manual,UNKNOWN,pesshown,2023-04-21T00:00:00Z
manual,UNKNOWN,adamski8891,2023-04-21T00:00:00Z
manual,UNKNOWN,Anto Méga,2023-04-21T00:00:00Z
manual,UNKNOWN,Hang Man,2023-04-21T00:00:00Z
manual,UNKNOWN,joyela aeuvunya,2023-04-21T00:00:00Z
manual,UNKNOWN,Антон Crytek,2023-04-21T00:00:00Z
manual,UNKNOWN,RSA asr,2023-04-21T00:00:00Z
manual,UNKNOWN,Turbozis,2023-04-21T00:00:00Z
manual,UNKNOWN,Daniel Leite,2023-04-21T00:00:00Z
manual,UNKNOWN,hanlid,2023-04-21T00:00:00Z
manual,UNKNOWN,Radu Alexandru Rosu,2023-04-21T00:00:00Z
manual,UNKNOWN,DHotdog85,2023-04-21T00:00:00Z
manual,UNKNOWN,Christian Meneses,2023-04-21T00:00:00Z
manual,UNKNOWN,MrBrainFog,2023-04-21T00:00:00Z
manual,UNKNOWN,Rebel Phoenix,2023-04-21T00:00:00Z
manual,UNKNOWN,Scasma M,2023-04-21T00:00:00Z
manual,UNKNOWN,Vortex Prime,2023-04-21T00:00:00Z
manual,UNKNOWN,CHAOS GOD,2023-04-21T00:00:00Z
manual,UNKNOWN,Glooca,2023-04-21T00:00:00Z
manual,UNKNOWN,Rucadi,2023-04-21T00:00:00Z
manual,UNKNOWN,Flaming0Turtle,2023-04-21T00:00:00Z
manual,UNKNOWN,krasihristov83,2023-04-21T00:00:00Z
manual,UNKNOWN,Laughing Koala,2023-04-21T00:00:00Z
manual,UNKNOWN,IllFillYouUp,2023-04-21T00:00:00Z
manual,UNKNOWN,Blaze Garcia,2023-04-21T00:00:00Z
manual,UNKNOWN,alan monroy,2023-04-21T00:00:00Z
manual,UNKNOWN,Danish Ali,2023-04-21T00:00:00Z
manual,UNKNOWN,Calvin,2023-04-21T00:00:00Z
manual,UNKNOWN,Jeffrey Maher,2023-04-21T00:00:00Z
manual,UNKNOWN,Rex Crafter,2023-04-21T00:00:00Z
manual,UNKNOWN,Thunderbirds Are Go,2023-04-21T00:00:00Z
manual,UNKNOWN,Nathan Buth-Chavez,2023-04-21T00:00:00Z
manual,UNKNOWN,Definitely NOT Dilophosaurus,2023-04-21T00:00:00Z
manual,UNKNOWN,Ethan Williams,2023-04-21T00:00:00Z
manual,UNKNOWN,요코,2023-04-21T00:00:00Z
manual,UNKNOWN,Zylg,2023-04-21T00:00:00Z
manual,UNKNOWN,Gergo Romvari,2023-04-21T00:00:00Z
manual,UNKNOWN,Kieran Ma'auga,2023-04-21T00:00:00Z
manual,UNKNOWN,Luskinha,2023-04-21T00:00:00Z
manual,UNKNOWN,Cross-Fire-Kitty,2023-04-21T00:00:00Z
manual,UNKNOWN,Michael Furlong,2023-04-21T00:00:00Z
manual,UNKNOWN,Trent Euclide,2023-04-21T00:00:00Z
manual,UNKNOWN,Dennis Urminsky,2023-04-21T00:00:00Z
manual,UNKNOWN,Marcos Socram,2023-04-21T00:00:00Z
manual,UNKNOWN,C Stockman,2023-04-21T00:00:00Z
manual,UNKNOWN,Farreach,2023-04-21T00:00:00Z
manual,UNKNOWN,GrayWolf Productions,2023-04-21T00:00:00Z
manual,UNKNOWN,Syth Angelwing,2023-04-21T00:00:00Z
manual,UNKNOWN,Florian,2023-04-21T00:00:00Z
manual,UNKNOWN,Cayman W,2023-04-21T00:00:00Z
manual,UNKNOWN,Dummy Noob,2023-04-21T00:00:00Z
manual,UNKNOWN,PowerLordX343,2023-04-21T00:00:00Z
manual,UNKNOWN,Caio Cesar Lima,2023-04-21T00:00:00Z
manual,UNKNOWN,Kenneth Glimberg Christensen,2023-04-21T00:00:00Z
manual,UNKNOWN,Birch,2023-04-21T00:00:00Z
manual,UNKNOWN,sdog300,2023-04-21T00:00:00Z
manual,UNKNOWN,G-Reg,2023-04-21T00:00:00Z
manual,UNKNOWN,Marc Abraham,2023-04-21T00:00:00Z
manual,UNKNOWN,ZombiemasterFTW,2023-04-21T00:00:00Z
manual,UNKNOWN,finbob5,2023-04-21T00:00:00Z
manual,UNKNOWN,D,2023-04-21T00:00:00Z
manual,UNKNOWN,yura galoyan,2023-04-21T00:00:00Z
manual,UNKNOWN,nowherecrafter,2023-04-21T00:00:00Z
manual,UNKNOWN,Lowraith,2023-04-22T00:00:00Z
manual,UNKNOWN,Pedro Canhoto,2023-04-22T00:00:00Z